"n_clusters","cost"
"20","6.190500406143229E7"
"40","2.1488629588922817E7"
"60","1.6335789061936911E7"
"80","4897884.209190392"
"100","7703198.294787648"
"120","7579853.472105312"
"140","8292717.062987187"
"160","6412945.578045533"
"180","2588438.9831387093"
"200","7358031.344011094"
"220","2016958.1361289758"
"240","4624509.75620643"
"260","2369998.326037962"
